Fecha,NombreEstacion,CodigoEstacion,Latitud,Longitud,Municipio,Ubicacion,FechaMensual
2015-11-26,BARBACOAS,52065020,"1,6711084","-78,139393",Barbacoas1,zona urbana,2015-11-01
2014-08-01,BARBACOAS,52065020,"1,6773784","-78,1298776",Barbacoas2,vda la cierra mina,2014-08-01
2014-02-11,BARBACOAS,52065020,"1,5065","-78,0797222",Barbacoas3,via junin - barbacoas,2014-02-01
2007-10-13,BARBACOAS,52065020,"1,6711084","-78,1431696",Barbacoas7,NoRegister,2007-10-01
2015-04-10,BERRUECOS,52040160,"1,4665276","-77,0429749",Alban1,Sector El Socorro,2015-04-01
2011-02-04,BERRUECOS,52040160,"1,4728684","-77,067959",Alban10,NoRegister,2011-02-01
2011-02-03,BERRUECOS,52040160,"1,4728684","-77,067959",Alban11,NoRegister,2011-02-01
2010-12-28,BERRUECOS,52040160,"1,45037","-77,07102",Alban12,Centro Educativo San Bosco,2010-12-01
2010-12-28,BERRUECOS,52040160,"1,4597936","-77,0596195",Alban12,Centro educativo el Socorro,2010-12-01
2010-11-25,BERRUECOS,52040160,"1,44457","-77,10055",Alban13,El Cebadero,2010-11-01
2010-11-25,BERRUECOS,52040160,"1,47185","-77,04332",Alban13,Guaranga,2010-11-01
2010-11-25,BERRUECOS,52040160,"1,5333699","-77,06669",Alban13,Chapiurco,2010-11-01
2009-03-29,BERRUECOS,52040160,"1,4724173","-77,0822306",Alban14,Via municipio Alban,2009-03-01
2009-01-21,BERRUECOS,52040160,"1,4361576","-77,0784252",Alban15,Alban - Puente Janacatu,2009-01-01
2009-01-21,BERRUECOS,52040160,"1,6156299","-77,1371325",Alban15,Via el empate - la Union,2009-01-01
2006-12-20,BERRUECOS,52040160,"1,4728684","-77,067959",Alban16,Reporte defensa civil,2006-12-01
2006-11-16,BERRUECOS,52040160,"1,4728684","-77,067959",Alban17,Afectada verada san jose,2006-11-01
2013-12-20,BERRUECOS,52040160,"1,4997905","-77,0775023",Alban2,VIA DEPARTAMENTAL EMPATE - ALBAN EN EL SECTOR EL SALADO,2013-12-01
2013-03-25,BERRUECOS,52040160,"1,4824707","-77,0768293",Alban3,SAN JOSE DE ALBAN,2013-03-01
2013-03-23,BERRUECOS,52040160,"1,49086","-77,06124",Alban4,Vereda Campobello,2013-03-01
2012-04-18,BERRUECOS,52040160,"1,46627778","-77,0865278",Alban5,Cebadero -QuiÃ±a,2012-04-01
2012-04-18,BERRUECOS,52040160,"1,47022222","-77,0441111",Alban5,Via Guaranga - San Jose,2012-04-01
2012-04-18,BERRUECOS,52040160,"1,5075","-77,0514722",Alban5,Via QuiÃ±a - San Jose,2012-04-01
2011-12-07,BERRUECOS,52040160,"1,4719407","-77,0800857",Alban6,Cancha Deportiva Barrio Los Robles,2011-12-01
2011-06-07,BERRUECOS,52040160,"1,4728684","-77,067959",Alban7,NoRegister,2011-06-01
2011-04-18,BERRUECOS,52040160,"1,4728684","-77,067959",Alban8,NoRegister,2011-04-01
2011-02-28,BERRUECOS,52040160,"1,4728684","-77,067959",Alban9,NoRegister,2011-02-01
2014-01-11,BERRUECOS,52040160,"1,45451","-77,16213",Arboleda1,La CaÃ±ada,2014-01-01
2014-01-11,BERRUECOS,52040160,"1,46688889","-77,1159444",Arboleda1,via berruecos yunguilla,2014-01-01
2014-01-11,BERRUECOS,52040160,"1,46974","-77,13061",Arboleda1,Vereda San Pedro Bajo,2014-01-01
2014-01-11,BERRUECOS,52040160,"1,4769633","-77,0967316",Arboleda1,via el empate-la unionÂ,2014-01-01
2014-01-11,BERRUECOS,52040160,"1,47734","-77,10553",Arboleda1,Vereda Las Palmas,2014-01-01
2014-01-11,BERRUECOS,52040160,"1,4826","-77,12525",Arboleda1,Vereda San Pedro Alto,2014-01-01
2014-01-11,BERRUECOS,52040160,"1,50006","-77,09999",Arboleda1,vda Pedregal,2014-01-01
2014-01-11,BERRUECOS,52040160,"1,5023594","-77,1366861",Arboleda1,B San Jose,2014-01-01
2014-01-11,BERRUECOS,52040160,"1,50597222","-77,135",Arboleda1,DESBORDE DE QUEBRADA BARRIO FATIMA SAN MIGUEL,2014-01-01
2012-05-04,BERRUECOS,52040160,"1,49444444","-77,0852222",Arboleda2,LA COCHA-LA COMUNIDAD-CHAPIURCO,2012-05-01
2012-01-21,BERRUECOS,52040160,"1,56963889","-77,0347778",Belen1,CAMPO DE MARIA ALTO - Peña NEGRA,2012-01-01
2012-01-21,BERRUECOS,52040160,"1,58233333","-77,0234444",Belen1,belen - plazuelas,2012-01-01
2012-01-21,BERRUECOS,52040160,"1,58966667","-77,0358611",Belen1,campo de maria - santa rosa,2012-01-01
2012-01-21,BERRUECOS,52040160,"1,60377778","-77,0128611",Belen1,belen - sebastianillo,2012-01-01
2011-12-17,BERRUECOS,52040160,"1,59523","-77,01343",Belen2,Colegio Nuestra SeÃ±ora de BelÃ©n,2011-12-01
2011-05-31,BERRUECOS,52040160,"1,5955214","-77,0165265",Belen3,NoRegister,2011-05-01
2011-05-16,BERRUECOS,52040160,"1,578319","-77,0191267",Belen4,Via belen plazuelas,2011-05-01
2011-04-20,BERRUECOS,52040160,"1,5958002","-77,016505",Belen5,NoRegister,2011-04-01
2011-03-11,BERRUECOS,52040160,"1,5953283","-77,016269",Belen6,NoRegister,2011-03-01
2011-01-25,BERRUECOS,52040160,"1,5956661","-77,0162153",Belen7,NoRegister,2011-01-01
2010-11-04,BERRUECOS,52040160,"1,55733333","-77,028",Belen8,NoRegister,2010-11-01
2006-03-15,BERRUECOS,52040160,"1,5964411","-77,0170329",Belen9,NoRegister,2006-03-01
2014-01-12,BERRUECOS,52040160,"1,3753483","-77,1583302",Buesaco1,Medina espejo,2014-01-01
2014-01-12,BERRUECOS,52040160,"1,3827936","-77,1579474",Buesaco1,barrio la colina,2014-01-01
2014-01-12,BERRUECOS,52040160,"1,4005111","-77,1242423",Buesaco1,Via buesaco - santamaria,2014-01-01
2014-01-12,BERRUECOS,52040160,"1,4017559","-77,1561355",Buesaco1,Finca Franco Villa LA LOMA,2014-01-01
2010-12-07,BERRUECOS,52040160,"1,3835229","-77,1563595",Buesaco10,casco urbano,2010-12-01
2010-12-07,BERRUECOS,52040160,"1,39114","-77,197409",Buesaco10,san antonio - ortega,2010-12-01
2009-01-31,BERRUECOS,52040160,"1,3866548","-77,1553296",Buesaco12,NoRegister,2009-01-01
2009-01-12,BERRUECOS,52040160,"1,3605859","-77,1687737",Buesaco13,pajajoy,2009-01-01
2008-12-24,BERRUECOS,52040160,"1,388328","-77,1547288",Buesaco14,NoRegister,2008-12-01
2008-03-26,BERRUECOS,52040160,"1,3822787","-77,1567887",Buesaco15,NoRegister,2008-03-01
2006-11-15,BERRUECOS,52040160,"1,3846942","-77,1562562",Buesaco16,villa maria,2006-11-01
2012-04-18,BERRUECOS,52040160,"1,3844668","-77,1547717",Buesaco2,varios sectores,2012-04-01
2012-02-27,BERRUECOS,52040160,"1,3851532","-77,1563166",Buesaco4,NoRegister,2012-02-01
2012-01-26,BERRUECOS,52040160,"1,35003","-77,08325",Buesaco5,buesaco - granadillo,2012-01-01
2012-01-26,BERRUECOS,52040160,"1,360123","-77,0428377",Buesaco5,buesaco santa fe,2012-01-01
2012-01-26,BERRUECOS,52040160,"1,396162","-77,145016",Buesaco5,via buesaco - santamaria,2012-01-01
2011-06-21,BERRUECOS,52040160,"1,3864832","-77,1577758",Buesaco6,NoRegister,2011-06-01
2011-05-27,BERRUECOS,52040160,"1,3841236","-77,1532696",Buesaco7,NoRegister,2011-05-01
2011-05-16,BERRUECOS,52040160,"1,3863974","-77,1533126",Buesaco8,NoRegister,2011-05-01
2011-02-26,BERRUECOS,52040160,"1,3844239","-77,1585053",Buesaco9,NoRegister,2011-02-01
2012-03-27,BERRUECOS,52040160,"1,3876855","-77,2560174",Chachagui2,Pasisara,2012-03-01
2012-01-23,BERRUECOS,52040160,"1,3761267","-77,2767933",Chachagui4,Mata redonda,2012-01-01
2010-11-30,BERRUECOS,52040160,"1,3885328","-77,2563938",Chachagui8,pasisara,2010-11-01
2012-04-20,BERRUECOS,52040160,"1,635503","-77,029734",Colon1,Via genova - santa rosa,2012-04-01
2012-04-20,BERRUECOS,52040160,"1,641845","-77,027544",Colon1,via genova - la victoria,2012-04-01
2012-04-20,BERRUECOS,52040160,"1,6501999","-77,03907",Colon1,Vereda La VictoriaÂ,2012-04-01
2012-04-20,BERRUECOS,52040160,"1,650604","-77,0227425",Colon1,via genova - la cuchilla,2012-04-01
2012-04-20,BERRUECOS,52040160,"1,652481","-77,024263",Colon1,genova - el bohio,2012-04-01
2012-04-20,BERRUECOS,52040160,"1,6641417","-77,062345",Colon1,via la lupa - villanueva,2012-04-01
2012-01-21,BERRUECOS,52040160,"1,6062626","-77,0802478",Colon2,via san carlos - los molinos,2012-01-01
2012-01-21,BERRUECOS,52040160,"1,615063","-77,081583",Colon2,SANTA ROSA - SAN CARLOS,2012-01-01
2012-01-21,BERRUECOS,52040160,"1,6329331","-77,04924",Colon2,villanueva - el helechal,2012-01-01
2012-01-21,BERRUECOS,52040160,"1,6424664","-77,0169995",Colon2,Bordo Alto,2012-01-01
2012-01-21,BERRUECOS,52040160,"1,6424745","-77,0242133",Colon2,genova - la victoria,2012-01-01
2012-01-21,BERRUECOS,52040160,"1,6466206","-77,0199142",Colon2,Bordo BajoÂ,2012-01-01
2012-01-21,BERRUECOS,52040160,"1,674019","-77,049567",Colon2,LOMA DEL GANADO - BELLAVISTA,2012-01-01
2011-05-31,BERRUECOS,52040160,"1,6420441","-77,045791",Colon3,NoRegister,2011-05-01
2011-02-10,BERRUECOS,52040160,"1,62267","-77,057078",Colon4,genova - santa rosa,2011-02-01
2011-02-10,BERRUECOS,52040160,"1,6867687","-77,0324874",Colon4,genova - la cuchilla,2011-02-01
2008-07-15,BERRUECOS,52040160,"1,6423729","-77,019007",Colon5,NoRegister,2008-07-01
2015-07-17,BERRUECOS,52040160,"1,394901","-77,026015",ElTablondeGomez1,Aponte,2015-07-01
2011-04-25,BERRUECOS,52040160,"1,4266537","-77,0982754",ElTablondeGomez10,NoRegister,2011-04-01
2011-03-07,BERRUECOS,52040160,"1,427383","-77,0963228",ElTablondeGomez11,NoRegister,2011-03-01
2010-12-17,BERRUECOS,52040160,"1,360052","-77,025572",ElTablondeGomez12,via aponte - pompeya,2010-12-01
2010-12-17,BERRUECOS,52040160,"1,4773909","-77,0188833",ElTablondeGomez12,las mesas,2010-12-01
2010-11-24,BERRUECOS,52040160,"1,37726","-77,02906",ElTablondeGomez13,La Esperanza,2010-11-01
2010-11-24,BERRUECOS,52040160,"1,4514","-77,03461",ElTablondeGomez13,Vereda El Porvenir,2010-11-01
2010-11-24,BERRUECOS,52040160,"1,45771","-77,00367",ElTablondeGomez13,Vereda Gavilla Alta,2010-11-01
2010-11-24,BERRUECOS,52040160,"1,4654723","-77,0260195",ElTablondeGomez13,San Rafael,2010-11-01
2009-03-29,BERRUECOS,52040160,"1,4275439","-77,0969772",ElTablondeGomez14,DGR-2009-00253,2009-03-01
2008-12-15,BERRUECOS,52040160,"1,4275546","-77,0972991",ElTablondeGomez15,NoRegister,2008-12-01
2008-03-28,BERRUECOS,52040160,"1,427619","-77,097224",ElTablondeGomez16,NoRegister,2008-03-01
2007-11-03,BERRUECOS,52040160,"1,4490355","-77,042298",ElTablondeGomez17,LA VICTORIA - LAS MESAS,2007-11-01
2006-01-19,BERRUECOS,52040160,"1,401061","-77,046466",ElTablondeGomez18,tablon - aponte,2006-01-01
2013-05-28,BERRUECOS,52040160,"1,3316317","-77,0093207",ElTablondeGomez2,Pompeya,2013-05-01
2013-05-28,BERRUECOS,52040160,"1,4698091","-77,0399646",ElTablondeGomez2,vda Dona Juana,2013-05-01
2012-02-22,BERRUECOS,52040160,"1,427208","-77,0914152",ElTablondeGomez3,Vereda san isidro,2012-02-01
2012-02-22,BERRUECOS,52040160,"1,4312091","-76,9985136",ElTablondeGomez3,gavilla,2012-02-01
2012-02-01,BERRUECOS,52040160,"1,4414325","-77,0439136",ElTablondeGomez4,Vereda Puerto Nuevo,2012-02-01
2012-01-20,BERRUECOS,52040160,"1,399655","-77,023042",ElTablondeGomez5,fatima - aponte,2012-01-01
2012-01-20,BERRUECOS,52040160,"1,4081239","-77,0556388",ElTablondeGomez5,pitalito bajo,2012-01-01
2012-01-20,BERRUECOS,52040160,"1,4157434","-77,0586124",ElTablondeGomez5,vda pitalito alto,2012-01-01
2012-01-20,BERRUECOS,52040160,"1,445156","-77,048753",ElTablondeGomez5,la victoria - las mesas,2012-01-01
2012-01-13,BERRUECOS,52040160,"1,4278442","-77,0974922",ElTablondeGomez6,NoRegister,2012-01-01
2011-06-02,BERRUECOS,52040160,"1,427308","-77,0979536",ElTablondeGomez8,NoRegister,2011-06-01
2011-05-06,BERRUECOS,52040160,"1,4265035","-77,0969343",ElTablondeGomez9,NoRegister,2011-05-01
2015-04-17,BERRUECOS,52040160,"1,6041381","-77,132477",LaUnion1,NoRegister,2015-04-01
2011-05-24,BERRUECOS,52040160,"1,5985613","-77,1288292",LaUnion10,NoRegister,2011-05-01
2010-11-25,BERRUECOS,52040160,"1,6348145","-77,1364606",LaUnion11,CERRITOS - OJO DE AGUA,2010-11-01
2010-11-25,BERRUECOS,52040160,"1,622953","-77,132184",LaUnion11,LA UNION - CERRITOS,2010-11-01
2010-11-25,BERRUECOS,52040160,"1,608511","-77,113948",LaUnion11,LA UNION - SAUCE,2010-11-01
2010-11-25,BERRUECOS,52040160,"1,610319","-77,097449",LaUnion11,SAUCE - RINCON CUSILLOS,2010-11-01
2010-11-25,BERRUECOS,52040160,"1,604674","-77,095206",LaUnion11,VIAS LA UNION - CUSILLOS,2010-11-01
2009-01-24,BERRUECOS,52040160,"1,624881","-77,146216",LaUnion12,EL EMPATE - LA UNION,2009-01-01
2008-12-11,BERRUECOS,52040160,"1,6022506","-77,1296017",LaUnion14,NoRegister,2008-12-01
2008-07-02,BERRUECOS,52040160,"1,5984755","-77,1327345",LaUnion15,NoRegister,2008-07-01
2006-11-16,BERRUECOS,52040160,"1,6062945","-77,129485",LaUnion16,barrio valencia,2006-11-01
2006-04-05,BERRUECOS,52040160,"1,6101652","-77,129004",LaUnion17,Cementerio Municipal,2006-04-01
2006-03-15,BERRUECOS,52040160,"1,56342","-77,125556",LaUnion18,UNION - BUESACO,2006-03-01
2006-03-15,BERRUECOS,52040160,"1,5914819","-77,1286231",LaUnion18,barrio los pinos,2006-03-01
2006-03-15,BERRUECOS,52040160,"1,600707","-77,059029",LaUnion18,LA UNION BELEN,2006-03-01
2006-03-15,BERRUECOS,52040160,"1,6111894","-77,1286499",LaUnion18,Cementerio Municipal,2006-03-01
2006-03-15,BERRUECOS,52040160,"1,622263","-77,112066",LaUnion18,LA UNION GENOVA,2006-03-01
2006-03-15,BERRUECOS,52040160,"1,6318881","-77,1245079",LaUnion18,La Caldera,2006-03-01
2006-03-15,BERRUECOS,52040160,"1,656363","-77,1269418",LaUnion18,Vereda El Peligro,2006-03-01
2014-05-07,BERRUECOS,52040160,"1,5956354","-77,1681995",LaUnion2,NoRegister,2014-05-01
2013-11-09,BERRUECOS,52040160,"1,5834928","-77,1177102",LaUnion3,PEñA BLANCA,2013-11-01
2013-11-09,BERRUECOS,52040160,"1,5904791","-77,1289396",LaUnion3,Los Pinos,2013-11-01
2013-11-09,BERRUECOS,52040160,"1,60872","-77,08948",LaUnion3,Vereda Rincon Cusillo,2013-11-01
2013-11-09,BERRUECOS,52040160,"1,61954","-77,14424",LaUnion3,Vereda La Betulia,2013-11-01
2013-11-09,BERRUECOS,52040160,"1,6483983","-77,1046035",LaUnion3,Santander,2013-11-01
2013-06-01,BERRUECOS,52040160,"1,6331","-77,1266",LaUnion4,La Caldera,2013-06-01
2013-06-01,BERRUECOS,52040160,"1,6482321","-77,1051507",LaUnion4,LaUnion5 01/06/2012,2013-06-01
2012-06-01,BERRUECOS,52040160,"1,576506","-77,139537",LaUnion5,LA MERCED,2012-06-01
2012-06-01,BERRUECOS,52040160,"1,613042","-77,117198",LaUnion5,EL GUABO-CANTADEROÂ,2012-06-01
2012-03-22,BERRUECOS,52040160,"1,5957469","-77,1706439",LaUnion6,Centro Educativo Villa María,2012-03-01
2012-03-22,BERRUECOS,52040160,"1,60697","-77,15904",LaUnion6,Vereda La Castilla,2012-03-01
2012-03-22,BERRUECOS,52040160,"1,6148793","-77,1201215",LaUnion6,Cancha de Juan Solarte Obando,2012-03-01
2012-03-22,BERRUECOS,52040160,"1,631514","-77,137787",LaUnion6,VIAS UNION-MERCADERES,2012-03-01
2012-03-22,BERRUECOS,52040160,"1,6318204","-77,1583259",LaUnion6,La playa,2012-03-01
2012-03-22,BERRUECOS,52040160,"1,6434219","-77,1570223",LaUnion6,Vereda llano grande,2012-03-01
2012-02-28,BERRUECOS,52040160,"1,592683","-77,174888",LaUnion7,LA UNION SAN LORENZO,2012-02-01
2012-02-28,BERRUECOS,52040160,"1,603218","-77,1652552",LaUnion7,LA CASTLLA - LA CAÑADA,2012-02-01
2012-02-28,BERRUECOS,52040160,"1,609019","-77,158274",LaUnion7,LA CAÑADA - ALPUJARRA,2012-02-01
2012-02-28,BERRUECOS,52040160,"1,6130341","-77,1070083",LaUnion7,LA UNION BELEN,2012-02-01
2012-02-28,BERRUECOS,52040160,"1,62293","-77,13643",LaUnion7,Vereda El Cerrito,2012-02-01
2012-02-28,BERRUECOS,52040160,"1,6373125","-77,1338125",LaUnion7,Ojo de aguaÂ,2012-02-01
2012-02-28,BERRUECOS,52040160,"1,65469","-77,1329499",LaUnion7,Vereda El Peligro,2012-02-01
2011-12-26,BERRUECOS,52040160,"1,6018216","-77,1327345",LaUnion8,NoRegister,2011-12-01
2011-11-18,BERRUECOS,52040160,"1,544735","-76,982106",LaUnion9,PEÑAS BLANCAS,2011-11-01
2011-11-18,BERRUECOS,52040160,"1,578267","-77,081928",LaUnion9,CUSILLOS,2011-11-01
2011-11-18,BERRUECOS,52040160,"1,595034","-77,158191",LaUnion9,LA UNION CHARGUARUCO,2011-11-01
2011-11-18,BERRUECOS,52040160,"1,596636","-77,094473",LaUnion9,LA UNION CUSILLOS,2011-11-01
2011-11-18,BERRUECOS,52040160,"1,612629","-77,111174",LaUnion9,LA UNION,2011-11-01
2011-11-18,BERRUECOS,52040160,"1,628184","-77,1082443",LaUnion9,la union contadero,2011-11-01
2011-11-18,BERRUECOS,52040160,"1,64061","-77,104342",LaUnion9,SANTA ROSA,2011-11-01
2012-12-07,BERRUECOS,52040160,"1,5069394","-77,0688272",SanBernardo1,NoRegister,2012-12-01
2012-04-06,BERRUECOS,52040160,"1,5411999","-77,03582",SanBernardo2,NoRegister,2012-04-01
2011-11-11,BERRUECOS,52040160,"1,5155593","-77,0454937",SanBernardo3,NoRegister,2011-11-01
2010-12-15,BERRUECOS,52040160,"1,5376717","-77,0327231",SanBernardo4,Via la vega,2010-12-01
2010-12-15,BERRUECOS,52040160,"1,5665768","-77,0224544",SanBernardo4,Petacas-Plazuelas,2010-12-01
2014-05-07,BERRUECOS,52040160,"1,509141","-77,2040544",SanLorenzo1,NoRegister,2014-05-01
2011-03-20,BERRUECOS,52040160,"1,54504","-77,22702",SanLorenzo10,NoRegister,2011-03-01
2010-12-07,BERRUECOS,52040160,"1,5029403","-77,2153713",SanLorenzo11,NoRegister,2010-12-01
2010-11-17,BERRUECOS,52040160,"1,475593","-77,1795181",SanLorenzo12,San lorenzo-santa marta,2010-11-01
2010-11-17,BERRUECOS,52040160,"1,5203577","-77,1673032",SanLorenzo12,Via panamericana,2010-11-01
2008-03-18,BERRUECOS,52040160,"1,5025917","-77,2153391",SanLorenzo14,NoRegister,2008-03-01
2013-12-20,BERRUECOS,52040160,"1,5101526","-77,2244665",SanLorenzo2,Via taminango,2013-12-01
2013-12-20,BERRUECOS,52040160,"1,5931569","-77,1892374",SanLorenzo2,Vereda el carmen,2013-12-01
2012-04-11,BERRUECOS,52040160,"1,5028568","-77,2161132",SanLorenzo4,Deslizamiento en el casco urbano,2012-04-01
2012-03-24,BERRUECOS,52040160,"1,5028568","-77,2161132",SanLorenzo5,NoRegister,2012-03-01
2012-01-25,BERRUECOS,52040160,"1,5148949","-77,1498882",SanLorenzo6,Puente el tauso,2012-01-01
2012-01-25,BERRUECOS,52040160,"1,5318105","-77,2190447",SanLorenzo6,Via la laguna,2012-01-01
2011-06-22,BERRUECOS,52040160,"1,503498","-77,2151669",SanLorenzo7,NoRegister,2011-06-01
2011-06-02,BERRUECOS,52040160,"1,503498","-77,2151669",SanLorenzo8,NoRegister,2011-06-01
2011-04-25,BERRUECOS,52040160,"1,503498","-77,2151669",SanLorenzo9,NoRegister,2011-04-01
2011-11-23,BERRUECOS,52040160,"1,6784135","-77,0339471",SanPablo11,Via San Pablo-Florencia,2011-11-01
2006-03-15,BERRUECOS,52040160,"1,6791152","-77,0624565",SanPablo18,El alto,2006-03-01
2006-03-15,BERRUECOS,52040160,"1,6814317","-77,045462",SanPablo18,Nueva florida,2006-03-01
2013-11-18,BERRUECOS,52040160,"1,67617","-77,0402299",SanPablo4,NoRegister,2013-11-01
2012-01-21,BERRUECOS,52040160,"1,6640002","-77,0249229",SanPablo8,NoRegister,2012-01-01
2013-11-15,BERRUECOS,52040160,"1,5454964","-77,1102237",SanPedrodeCartago1,Vda San Isidro,2013-11-01
2012-02-10,BERRUECOS,52040160,"1,5529173","-77,1202812",SanPedrodeCartago2,NoRegister,2012-02-01
2011-06-24,BERRUECOS,52040160,"1,5529173","-77,1202812",SanPedrodeCartago3,NoRegister,2011-06-01
2010-12-21,BERRUECOS,52040160,"1,550849","-77,0798324",SanPedrodeCartago4,Las acacias,2010-12-01
2010-12-21,BERRUECOS,52040160,"1,5534547","-77,1078132",SanPedrodeCartago4,El salado,2010-12-01
2010-12-21,BERRUECOS,52040160,"1,5639762","-77,1141218",SanPedrodeCartago4,Chorrera,2010-12-01
2010-11-17,BERRUECOS,52040160,"1,5088575","-77,1138016",SanPedrodeCartago5,Via nacional-la rinconada,2010-11-01
2009-03-30,BERRUECOS,52040160,"1,5518647","-77,1194157",SanPedrodeCartago6,NoRegister,2009-03-01
2014-03-15,CCCP DL PACIFICO,51035020,"1,7266702","-78,7799975",SanAndresdeTumaco1,NoRegister,2014-03-01
2014-02-15,CHARCO EL,53020010,"2,4503858","-77,9796697",SantaBarbara1,NoRegister,2014-02-01
2008-06-10,CHARCO EL,53020010,"2,4505212","-77,9802693",SantaBarbara2,NoRegister,2008-06-01
2012-02-13,CHILES,52050130,"0,88337","-77,93332",Cumbal1,San Martin,2012-02-01
2012-02-06,CHILES,52050130,"0,8410108","-77,8194546",Cumbal2,InstituciÃ³n Educativa TÃ©cnica Agropecuaria Panan,2012-02-01
2012-01-30,CHILES,52050130,"0,88337","-77,93332",Cumbal3,CENTRO EDUCATIVO San Martín,2012-01-01
2011-02-04,CHILES,52050130,"0,83247","-77,86663",Cumbal4,El Tambillo,2011-02-01
2010-11-17,CHILES,52050130,"0,855851","-77,983834",Cumbal6,VIAS EL TAMBO - SAN FELIPE,2010-11-01
2011-05-30,CUMBAL,52050110,"0,882544","-77,700425",Aldana1,centro de acopio de leche ASOPROCOLIDA,2011-05-01
2012-12-27,CUMBAL,52050110,"0,8643391","-77,7310918",Cuaspud1,daÃ±o de bocatoma,2012-12-01
2012-01-13,CUMBAL,52050110,"0,853477","-77,738924",Cuaspud2,santa rosa - el eden,2012-01-01
2012-01-13,CUMBAL,52050110,"0,857822","-77,732318",Cuaspud2,carlosama - santa rosa,2012-01-01
2012-01-13,CUMBAL,52050110,"0,862201","-77,719765",Cuaspud2,carlosama - ipiales,2012-01-01
2012-01-13,CUMBAL,52050110,"0,872874","-77,725295",Cuaspud2,carlosama - macas,2012-01-01
2012-01-13,CUMBAL,52050110,"0,872951","-77,719338",Cuaspud2,via carlosama - chungana,2012-01-01
2012-01-13,CUMBAL,52050110,"0,891827","-77,737225",Cuaspud2,carlosama - puente tierras,2012-01-01
2011-06-24,CUMBAL,52050110,"0,8625798","-77,7289353",Cuaspud3,NoRegister,2011-06-01
2011-06-03,CUMBAL,52050110,"0,8626549","-77,7275191",Cuaspud4,Cuaspud5 10/05/2011,2011-06-01
2011-05-10,CUMBAL,52050110,"0,8628587","-77,728828",Cuaspud5,Cuaspud2 13/01/2012,2011-05-01
2010-11-18,CUMBAL,52050110,"0,90446","-77,7519",Cuaspud6,Vereda Macas - RodeoÂ,2010-11-01
2012-02-13,CUMBAL,52050110,"0,8881314","-77,7912314",Cumbal1,Institucion Educativa Cumbe,2012-02-01
2012-02-13,CUMBAL,52050110,"0,8922116","-77,7990589",Cumbal1,Tienda Rio Blanco,2012-02-01
2012-02-13,CUMBAL,52050110,"0,91274","-77,807126",Cumbal1,SECTOR GUAIRES - tasmag,2012-02-01
2011-02-04,CUMBAL,52050110,"0,93341","-77,90002",Cumbal4,VIADUCTO MIRAFLORES,2011-02-01
2010-12-23,CUMBAL,52050110,"0,950858","-77,839419",Cumbal5,VIAS SECTOR TAMBILLO - SAN MARTIN,2010-12-01
2010-12-23,CUMBAL,52050110,"1,031058","-77,853501",Cumbal5,SAN MARTIN - MIRAFLORES,2010-12-01
2010-11-17,CUMBAL,52050110,"0,911511","-77,815231",Cumbal6,CUMBAL - LA ORTIGA,2010-11-01
2010-12-09,CUMBAL,52050110,"0,9541035","-77,7313439",Guachucal1,Via Guachucal - Ipiales,2010-12-01
2013-05-31,CUMBAL,52050110,"1,1497844","-77,901737",Mallama2,Via Chucunes San Isidro,2013-05-01
2012-04-24,EL PARAISO - AUT,52055220,"1,1887764","-77,55686",Guaitarilla1,GUAITARILLA - SAN FRANCISCO,2012-04-01
2012-04-24,EL PARAISO - AUT,52055220,"1,181125","-77,551655",Guaitarilla1,SAN FRANCISCO - AHUMADA,2012-04-01
2012-04-24,EL PARAISO - AUT,52055220,"1,14427","-77,524023",Guaitarilla1,GUAITARILLA - CABUYO,2012-04-01
2012-03-29,EL PARAISO - AUT,52055220,"1,118973","-77,550111",Guaitarilla2,Guatirilla- Buenos Aires,2012-03-01
2012-02-15,EL PARAISO - AUT,52055220,"1,1610809","-77,5546717",Guaitarilla3,Vereda San Francisco,2012-02-01
2012-02-15,EL PARAISO - AUT,52055220,"1,136547","-77,537068",Guaitarilla3,GUAITARILLA - CABUYO,2012-02-01
2011-05-09,EL PARAISO - AUT,52055220,"1,130349","-77,550994",Guaitarilla4,NoRegister,2011-05-01
2011-03-14,EL PARAISO - AUT,52055220,"1,129405","-77,5518308",Guaitarilla5,NoRegister,2011-03-01
2010-11-17,EL PARAISO - AUT,52055220,"1,131477","-77,543085",Guaitarilla6,VIAS GUAITARILLA - MOTILON,2010-11-01
2010-11-17,EL PARAISO - AUT,52055220,"1,1451844","-77,5221788",Guaitarilla6,GUAITARILLA - CABUYO,2010-11-01
2015-02-09,EL PARAISO - AUT,52055220,"0,969081","-77,534807",Iles1,VIA VDA LOMA DE ARGOTIS - ILES,2015-02-01
2015-02-09,EL PARAISO - AUT,52055220,"0,9831","-77,52936",Iles1,Vereda Villa Nueva,2015-02-01
2015-02-09,EL PARAISO - AUT,52055220,"0,986413","-77,531603",Iles1,LA TIGRERA,2015-02-01
2015-02-09,EL PARAISO - AUT,52055220,"0,99705","-77,52355",Iles1,Vereda San Javier,2015-02-01
2014-05-08,EL PARAISO - AUT,52055220,"0,981463","-77,55082",Iles2,Vereda El Rosario San Juan,2014-05-01
2012-01-25,EL PARAISO - AUT,52055220,"0,979398","-77,557662",Iles4,ILES - VEREDA EL CARMEN,2012-01-01
2011-12-22,EL PARAISO - AUT,52055220,"0,972582","-77,509971",Iles5,ILES - TAMBURAN,2011-12-01
2011-12-22,EL PARAISO - AUT,52055220,"0,984287","-77,513282",Iles5,ILES - LOMA ALTA,2011-12-01
2011-06-24,EL PARAISO - AUT,52055220,"0,9776099","-77,5390127",Iles6,NoRegister,2011-06-01
2011-05-02,EL PARAISO - AUT,52055220,"0,9777815","-77,5306013",Iles7,NoRegister,2011-05-01
2009-03-29,EL PARAISO - AUT,52055220,"0,9682325","-77,5212965",Iles8,NoRegister,2009-03-01
2006-03-18,EL PARAISO - AUT,52055220,"0,9764299","-77,540504",Iles9,NoRegister,2006-03-01
2013-12-08,EL PARAISO - AUT,52055220,"1,1460953","-77,8675899",Mallama1,NoRegister,2013-12-01
2008-02-28,EL PARAISO - AUT,52055220,"1,140872","-77,8645669",Mallama10,NoRegister,2008-02-01
2012-05-04,EL PARAISO - AUT,52055220,"1,1405293","-77,8640199",Mallama3,NoRegister,2012-05-01
2012-04-18,EL PARAISO - AUT,52055220,"1,126244","-77,8541214",Mallama4,Coataquer,2012-04-01
2012-04-18,EL PARAISO - AUT,52055220,"1,1405151","-77,8647415",Mallama4,Vereda Piedrancha,2012-04-01
2012-04-18,EL PARAISO - AUT,52055220,"1,1830425","-77,8336848",Mallama4,Vda Pususquer,2012-04-01
2012-02-01,EL PARAISO - AUT,52055220,"1,1415418","-77,8649924",Mallama5,Vereda Piedrancha,2012-02-01
2012-02-01,EL PARAISO - AUT,52055220,"1,1830425","-77,8336848",Mallama5,Vereda Pususquer,2012-02-01
2011-04-21,EL PARAISO - AUT,52055220,"1,140872","-77,8645669",Mallama6,NoRegister,2011-04-01
2010-12-21,EL PARAISO - AUT,52055220,"1,1202937","-77,8486974",Mallama7,Via panamerica pasto-tumaco - via el guabo,2010-12-01
2010-11-23,EL PARAISO - AUT,52055220,"1,1119064","-77,8137855",Mallama8,Via sector de las Peñas Blancas - zona guabo,2010-11-01
2008-03-13,EL PARAISO - AUT,52055220,"1,140872","-77,8645669",Mallama9,NoRegister,2008-03-01
2012-04-26,EL PARAISO - AUT,52055220,"1,0577131","-77,5669164",Ospina1,NoRegister,2012-04-01
2012-02-16,EL PARAISO - AUT,52055220,"1,0564902","-77,5700063",Ospina2,IE Francisco de Paula Santander,2012-02-01
2012-01-24,EL PARAISO - AUT,52055220,"0,9995033","-77,5530634",Ospina3,San isidro-san antonio,2012-01-01
2012-01-24,EL PARAISO - AUT,52055220,"1,0107801","-77,5522934",Ospina3,San Isidro-La Florida,2012-01-01
2012-01-02,EL PARAISO - AUT,52055220,"1,057048","-77,5669808",Ospina4,NoRegister,2012-01-01
2011-06-13,EL PARAISO - AUT,52055220,"1,058464","-77,5661219",Ospina5,NoRegister,2011-06-01
2011-03-28,EL PARAISO - AUT,52055220,"1,058464","-77,5661219",Ospina6,NoRegister,2011-03-01
2014-01-08,EL PARAISO - AUT,52055220,"1,1949851","-77,5601487",Providencia1,German-Ahumada,2014-01-01
2012-04-10,EL PARAISO - AUT,52055220,"1,1943814","-77,5617296",Providencia2,German-Ahumada,2012-04-01
2012-04-11,EL PARAISO - AUT,52055220,"1,2141993","-77,7072103",Santacruz1,Guachaves-Diamante,2012-04-01
2009-01-26,EL PARAISO - AUT,52055220,"1,2092956","-77,6884491",Santacruz5,Guachavez-san martin,2009-01-01
2009-01-26,EL PARAISO - AUT,52055220,"1,2133408","-77,6758943",Santacruz5,Balaica-guachavez,2009-01-01
2012-01-24,EL PARAISO - AUT,52055220,"1,0199333","-77,6351983",Sapuyes1,La floresta,2012-01-01
2011-12-22,EL PARAISO - AUT,52055220,"1,0369346","-77,6219256",Sapuyes2,NoRegister,2011-12-01
2011-06-28,EL PARAISO - AUT,52055220,"1,0371516","-77,6217457",Sapuyes3,NoRegister,2011-06-01
2011-05-26,EL PARAISO - AUT,52055220,"1,0371516","-77,6217457",Sapuyes5,NoRegister,2011-05-01
2011-03-08,EL PARAISO - AUT,52055220,"1,0371516","-77,6217457",Sapuyes6,NoRegister,2011-03-01
2008-05-23,EL PARAISO - AUT,52055220,"1,0371516","-77,6217457",Sapuyes7,NoRegister,2008-05-01
2012-01-21,EL PARAISO - AUT,52055220,"1,0887645","-77,6186412",Tuquerres1,NoRegister,2012-01-01
2011-05-31,EL PARAISO - AUT,52055220,"1,085739","-77,618641",Tuquerres2,NoRegister,2011-05-01
2011-04-22,EL PARAISO - AUT,52055220,"1,085739","-77,618641",Tuquerres3,NoRegister,2011-04-01
2011-02-28,EL PARAISO - AUT,52055220,"1,0979921","-77,6345525",Tuquerres4,NoRegister,2011-02-01
2011-02-28,EL PARAISO - AUT,52055220,"1,1684992","-77,6367311",Tuquerres4,NoRegister,2011-02-01
2009-04-15,EL PARAISO - AUT,52055220,"1,085739","-77,618641",Tuquerres5,NoRegister,2009-04-01
2008-05-04,EL PARAISO - AUT,52055220,"1,085739","-77,618641",Tuquerres6,NoRegister,2008-05-01
2014-02-11,JUNIN,51020010,"1,58263889","-78,1065278",Barbacoas3,Via junin barbacoas sector tinajillas,2014-02-01
2013-06-01,JUNIN,51020010,"1,2474811","-78,0918182",Barbacoas4,Altaquer,2013-06-01
2011-06-29,JUNIN,51020010,"1,460444","-78,072508",Barbacoas5,via junin barbacoas entre buenavista y peje,2011-06-01
2009-02-16,JUNIN,51020010,"1,33786111","-78,1204444",Barbacoas6,via al mar - incomunicados mallama tumaco,2009-02-01
2014-03-15,JUNIN,51020010,"1,2420581","-78,0931328",Ricaurte1,NoRegister,2014-03-01
2010-11-15,JUNIN,51020010,"1,1538895","-78,0627296",Ricaurte10,El palmar,2010-11-01
2010-11-15,JUNIN,51020010,"1,2229662","-77,9829993",Ricaurte10,Cartagena,2010-11-01
2010-11-15,JUNIN,51020010,"1,2370392","-78,0444541",Ricaurte10,Ospina,2010-11-01
2010-04-07,JUNIN,51020010,"1,1664229","-77,967762",Ricaurte11,San isidro,2010-04-01
2010-04-07,JUNIN,51020010,"1,2020051","-77,977512",Ricaurte11,San francisco,2010-04-01
2010-04-07,JUNIN,51020010,"1,2235591","-77,9843655",Ricaurte11,Cartagena,2010-04-01
2006-11-29,JUNIN,51020010,"1,2205759","-78,009249",Ricaurte12,Via tumaco,2006-11-01
2006-11-29,JUNIN,51020010,"1,2240084","-77,9872763",Ricaurte12,Cartagena,2006-11-01
2006-02-05,JUNIN,51020010,"1,2136252","-77,9962885",Ricaurte13,NoRegister,2006-02-01
2014-01-29,JUNIN,51020010,"1,2219032","-77,9863154",Ricaurte2,NoRegister,2014-01-01
2013-06-01,JUNIN,51020010,"1,2074594","-77,9889933",Ricaurte3,NoRegister,2013-06-01
2013-04-20,JUNIN,51020010,"1,2228012","-78,0669423",Ricaurte4,NoRegister,2013-04-01
2011-12-05,JUNIN,51020010,"1,2238513","-78,0416689",Ricaurte5,NoRegister,2011-12-01
2011-05-11,JUNIN,51020010,"1,2116502","-77,9952447",Ricaurte6,NoRegister,2011-05-01
2011-04-12,JUNIN,51020010,"1,2116502","-77,9952447",Ricaurte7,NoRegister,2011-04-01
2010-12-11,JUNIN,51020010,"1,1483351","-78,0651931",Ricaurte8,NoRegister,2010-12-01
2010-12-11,JUNIN,51020010,"1,2116502","-77,9952447",Ricaurte9,NoRegister,2010-12-01
2013-11-18,LA CRUZ,52030090,"1,6010208","-76,9691788",LaCruz1,San Antonio,2013-11-01
2010-12-23,LA CRUZ,52030090,"1,6263231","-76,9392792",LaCruz10,San Gerardo,2010-12-01
2010-11-24,LA CRUZ,52030090,"1,59982","-76,9689089",LaCruz11,NoRegister,2010-11-01
2006-03-15,LA CRUZ,52030090,"1,5990693","-76,9742304",LaCruz12,NoRegister,2006-03-01
2006-01-12,LA CRUZ,52030090,"1,588029","-76,967763",LaCruz13,VIA LA CRUZ PASTO,2006-01-01
2012-02-24,LA CRUZ,52030090,"1,6251059","-76,9419722",LaCruz2,San Gerardo,2012-02-01
2012-01-20,LA CRUZ,52030090,"1,6043249","-76,9742273",LaCruz3,EscuÃ©la San Francisco,2012-01-01
2012-01-20,LA CRUZ,52030090,"1,5770912","-76,9807243",LaCruz4,Vereda La Cabana,2012-01-01
2012-01-20,LA CRUZ,52030090,"1,6217406","-76,9662039",LaCruz4,Vereda La Vega,2012-01-01
2012-01-17,LA CRUZ,52030090,"1,54023","-76,9638499",LaCruz5,Vereda Loma Larga,2012-01-01
2012-01-17,LA CRUZ,52030090,"1,5443857","-76,9256615",LaCruz5,Vereda La Palma,2012-01-01
2012-01-17,LA CRUZ,52030090,"1,56746","-76,9304499",LaCruz5,Vereda El Salado,2012-01-01
2012-01-17,LA CRUZ,52030090,"1,6137959","-76,8958826",LaCruz5,Moncayo,2012-01-01
2012-01-17,LA CRUZ,52030090,"1,618605","-76,963279",LaCruz5,COFRADIA - LA VEGAÂ,2012-01-01
2012-01-17,LA CRUZ,52030090,"1,6214622","-76,959316",LaCruz5,la Vega,2012-01-01
2012-01-17,LA CRUZ,52030090,"1,6290177","-76,9440863",LaCruz5,san gerardoÂ,2012-01-01
2012-01-04,LA CRUZ,52030090,"1,5349692","-76,949104",LaCruz6,Vereda La Palma,2012-01-01
2012-01-04,LA CRUZ,52030090,"1,5622371","-76,9214644",LaCruz6,La ciÃ©naga,2012-01-01
2012-01-04,LA CRUZ,52030090,"1,5703128","-76,9290256",LaCruz6,Vereda El Salado,2012-01-01
2011-12-12,LA CRUZ,52030090,"1,61639","-76,87715",LaCruz7,Vereda Moncayo,2011-12-01
2011-04-28,LA CRUZ,52030090,"1,6008067","-76,9741231",LaCruz8,NoRegister,2011-04-01
2011-03-09,LA CRUZ,52030090,"1,578855","-76,955657",LaCruz9,la Estancia - Tajumbina,2011-03-01
2011-03-09,LA CRUZ,52030090,"1,593774","-76,979749",LaCruz9,La Cruz - La Cuchilla,2011-03-01
2011-03-09,LA CRUZ,52030090,"1,629205","-76,966754",LaCruz9,la Cruz - Cabuyales,2011-03-01
2015-05-30,LA CRUZ,52030090,"1,6670947","-77,0001298",SanPablo1,NoRegister,2015-05-01
2012-01-03,LA CRUZ,52030090,"1,69317","-76,9993573",SanPablo10,Via achupallas,2012-01-01
2011-11-22,LA CRUZ,52030090,"1,6683285","-77,0140025",SanPablo12,NoRegister,2011-11-01
2011-06-01,LA CRUZ,52030090,"1,6690825","-77,0119996",SanPablo13,NoRegister,2011-06-01
2010-12-27,LA CRUZ,52030090,"1,6745634","-76,9953656",SanPablo14,Sector chilcal,2010-12-01
2010-12-27,LA CRUZ,52030090,"1,6790032","-76,9937992",SanPablo14,Sector yunguilla,2010-12-01
2010-12-09,LA CRUZ,52030090,"1,6772873","-76,9940782",SanPablo15,Chical bajo-Yunguilla,2010-12-01
2009-03-29,LA CRUZ,52030090,"1,6692615","-77,0117494",SanPablo16,NoRegister,2009-03-01
2007-04-16,LA CRUZ,52030090,"1,6690825","-77,0119996",SanPablo17,NoRegister,2007-04-01
2015-05-01,LA CRUZ,52030090,"1,67374","-76,99438",SanPablo2,NoRegister,2015-05-01
2014-11-08,LA CRUZ,52030090,"1,6685417","-77,0120976",SanPablo3,NoRegister,2014-11-01
2013-05-22,LA CRUZ,52030090,"1,70561","-76,99292",SanPablo5,NoRegister,2013-05-01
2013-05-11,LA CRUZ,52030090,"1,6748743","-76,9784544",SanPablo6,Via Chical-Los robles,2013-05-01
2012-05-12,LA CRUZ,52030090,"1,6692444","-77,0073505",SanPablo7,San pablo-las juntas,2012-05-01
2012-01-21,LA CRUZ,52030090,"1,6805984","-76,9612154",SanPablo9,Via briceno-meson,2012-01-01
2013-04-23,LLANO VERDE,52070030,"1,645619","-77,574228",Cumbitara1,VIA CUMBITARA - SANTA MARTA,2013-04-01
2009-02-18,LLANO VERDE,52070030,"1,6474375","-77,5797071",Cumbitara10,NoRegister,2009-02-01
2013-03-25,LLANO VERDE,52070030,"1,6411","-77,50162",Cumbitara2,VIA PISANDA - SOTOMAYOR,2013-03-01
2013-02-07,LLANO VERDE,52070030,"1,6637553","-77,5694595",Cumbitara3,San PabloÂ,2013-02-01
2012-01-24,LLANO VERDE,52070030,"1,624816","-77,506071",Cumbitara4,Aminda,2012-01-01
2012-01-24,LLANO VERDE,52070030,"1,6479737","-77,5785055",Cumbitara4,cabecera municipal,2012-01-01
2012-01-24,LLANO VERDE,52070030,"1,649524","-77,5721804",Cumbitara4,San pablo,2012-01-01
2012-01-24,LLANO VERDE,52070030,"1,654855","-77,579446",Cumbitara4,verede el veinticuatro,2012-01-01
2012-01-24,LLANO VERDE,52070030,"1,670768","-77,558739",Cumbitara4,Tabiles,2012-01-01
2011-04-25,LLANO VERDE,52070030,"1,6464937","-77,57813",Cumbitara5,NoRegister,2011-04-01
2011-02-21,LLANO VERDE,52070030,"1,6477914","-77,5795462",Cumbitara6,NoRegister,2011-02-01
2011-02-13,LLANO VERDE,52070030,"1,6473302","-77,5767889",Cumbitara7,NoRegister,2011-02-01
2010-11-19,LLANO VERDE,52070030,"1,6477453","-77,577749",Cumbitara8,NoRegister,2010-11-01
2009-05-05,LLANO VERDE,52070030,"1,6479308","-77,57813",Cumbitara9,NoRegister,2009-05-01
2012-02-12,LLANO VERDE,52070030,"1,75747","-77,37714",ElRosario4,Santa Isabel,2012-02-01
2012-02-12,LLANO VERDE,52070030,"1,7786644","-77,3686155",ElRosario4,El Rincon,2012-02-01
2012-01-24,LLANO VERDE,52070030,"1,8590452","-77,3925549",ElRosario5,la esmeralda,2012-01-01
2011-12-26,LLANO VERDE,52070030,"1,8676605","-77,389394",ElRosario6,VEREDA PIEDRA GRANDE,2011-12-01
2011-02-16,LLANO VERDE,52070030,"1,7722418","-77,3779489",ElRosario9,el rincon - la sierra,2011-02-01
2012-01-25,LLANO VERDE,52070030,"1,6620498","-77,4010205",Policarpa2,Altamira-El rosal,2012-01-01
2015-11-28,MAGUI,52070010,"1,7658466","-78,1838239",Magui1,Vereda Calle larga,2015-11-01
2014-06-02,MAGUI,52070010,"1,9088225","-78,3387066",RobertoPayan1,NoRegister,2014-06-01
2012-03-29,MAMACONDE,52010060,"1,8219526","-77,3530392",ElRosario3,el rosario - la guacaÂ,2012-03-01
2012-03-29,MAMACONDE,52010060,"1,8687321","-77,3703605",ElRosario3,Vda los pinos,2012-03-01
2012-01-27,MAMACONDE,52010060,"1,8864344","-77,3730044",Leiva1,"Centro educativo Vda, Las caÃ±adas",2012-01-01
2012-01-27,MAMACONDE,52010060,"1,9289133","-77,4037121",Leiva1,Via el Palmar-Cajeto,2012-01-01
2012-01-27,MAMACONDE,52010060,"1,9354157","-77,3035623",Leiva1,Puente gusillos,2012-01-01
2006-04-20,MAMACONDE,52010060,"1,9349678","-77,3062083",Leiva10,NoRegister,2006-04-01
2011-12-17,MAMACONDE,52010060,"1,9349818","-77,3062066",Leiva2,NoRegister,2011-12-01
2011-12-02,MAMACONDE,52010060,"1,9349979","-77,3062039",Leiva3,NoRegister,2011-12-01
2011-11-18,MAMACONDE,52010060,"1,9349818","-77,3062066",Leiva4,NoRegister,2011-11-01
2011-03-03,MAMACONDE,52010060,"1,9349818","-77,3062066",Leiva5,NoRegister,2011-03-01
2010-11-23,MAMACONDE,52010060,"1,88649","-77,3854",Leiva6,El tablon,2010-11-01
2010-11-23,MAMACONDE,52010060,"1,8866187","-77,3729546",Leiva6,Las caÃ±adas,2010-11-01
2010-11-23,MAMACONDE,52010060,"1,93334","-77,38334",Leiva6,El Palmar,2010-11-01
2010-11-23,MAMACONDE,52010060,"1,95057","-77,3132399",Leiva6,La esperanza,2010-11-01
2010-11-23,MAMACONDE,52010060,"1,97859","-77,33461",Leiva6,El campanario,2010-11-01
2010-11-16,MAMACONDE,52010060,"1,9140129","-77,351788",Leiva7,El Palmar-El cucho,2010-11-01
2010-11-16,MAMACONDE,52010060,"1,9193652","-77,2885565",Leiva7,Leiva-Puerto nuevo,2010-11-01
2010-11-16,MAMACONDE,52010060,"1,9221669","-77,3352052",Leiva7,Leiva-El Palmar,2010-11-01
2010-11-16,MAMACONDE,52010060,"1,9454357","-77,3486163",Leiva7,El Palmar-La Villa,2010-11-01
2010-11-16,MAMACONDE,52010060,"1,9603455","-77,2955982",Leiva7,Leiva-Las delicias,2010-11-01
2010-11-16,MAMACONDE,52010060,"1,9647436","-77,2378016",Leiva7,Las delicias-Mamaconde,2010-11-01
2010-11-16,MAMACONDE,52010060,"1,9863465","-77,3032359",Leiva7,La garganta-El placer,2010-11-01
2009-01-18,MAMACONDE,52010060,"1,9349818","-77,3062066",Leiva8,NoRegister,2009-01-01
2013-08-16,MONOPAMBA,47015080,"0,77883","-77,3640099",Cordoba1,LlorenteÂ,2013-08-01
2013-08-03,MONOPAMBA,47015080,"0,8136144","-77,3398474",Puerres3,NoRegister,2013-08-01
2013-07-24,MONOPAMBA,47015080,"0,8136144","-77,3398474",Puerres4,Monopamba,2013-07-01
2011-01-11,MONOPAMBA,47015080,"0,8060863","-77,3052013",Puerres8,NoRegister,2011-01-01
2012-01-05,MOSQUERA,53010020,"2,2740962","-78,3159411",OlayaHerrera1,NoRegister,2012-01-01
2007-04-24,MOSQUERA,53010020,"2,2740962","-78,3159411",OlayaHerrera2,NoRegister,2007-04-01
2012-04-18,SANDE EL,52060050,"1,1831799","-77,9076",Mallama4,Vereda San Miguel,2012-04-01
2012-02-01,SANDE EL,52060050,"1,168739","-77,895263",Mallama5,Vereda Chucunes,2012-02-01
2012-02-01,SANDE EL,52060050,"1,1831799","-77,9076",Mallama5,Vereda San Miguel,2012-02-01
2013-03-25,SANDE EL,52060050,"1,447885","-77,776016",Samaniego3,NoRegister,2013-03-01
2011-11-29,SANDE EL,52060050,"1,3544142","-77,6370598",Samaniego9,Via la capilla,2011-11-01
2012-01-24,SANDE EL,52060050,"1,2644013","-77,7113131",Santacruz2,Guachaves-arrayan,2012-01-01
2009-02-20,SANDE EL,52060050,"1,2784541","-77,7223162",SantaCruz4,NoRegister,2009-02-01
2014-05-11,SANDONA,52050040,"1,2703515","-77,505439",Ancuya1,Via altura Km 4,2014-05-01
2011-05-02,SANDONA,52050040,"1,2625162","-77,5144637",Ancuya10,NoRegister,2011-05-01
2011-03-03,SANDONA,52050040,"1,2625162","-77,5144637",Ancuya11,NoRegister,2011-03-01
2011-02-03,SANDONA,52050040,"1,2625162","-77,5144637",Ancuya12,NoRegister,2011-02-01
2010-11-17,SANDONA,52050040,"1,2","-77,53335",Ancuya13,Macascruz,2010-11-01
2010-11-17,SANDONA,52050040,"1,230438","-77,5235377",Ancuya13,Ancuya - La Loma,2010-11-01
2010-11-17,SANDONA,52050040,"1,2417064","-77,5099673",Ancuya13,Consaca-Ancuya,2010-11-01
2010-11-17,SANDONA,52050040,"1,28076","-77,4760692",Ancuya13,Ancuya Sandona,2010-11-01
2010-11-17,SANDONA,52050040,"1,28334","-77,53335",Ancuya13,Vereda el ingenio,2010-11-01
2010-11-17,SANDONA,52050040,"1,3838544","-77,5364443",Ancuya13,Via Ancuya Linares,2010-11-01
2014-05-03,SANDONA,52050040,"1,2642195","-77,5171361",Ancuya2,via departamental km 1,2014-05-01
2013-05-31,SANDONA,52050040,"1,2001285","-77,5339541",Ancuya3,sector Cruz de Mayo,2013-05-01
2013-05-31,SANDONA,52050040,"1,21227","-77,53425",Ancuya3,indo-centro,2013-05-01
2013-05-31,SANDONA,52050040,"1,2124882","-77,5422002",Ancuya3,Vereda Indo_Sector Santa Rosa,2013-05-01
2013-03-22,SANDONA,52050040,"1,2417064","-77,5099673",Ancuya4,via Consaca-Ancuya km 1 y 3,2013-03-01
2012-04-27,SANDONA,52050040,"1,2584326","-77,5195857",Ancuya5,Noticia el tiempo -Â Via ancuya consaca,2012-04-01
2012-04-21,SANDONA,52050040,"1,2417064","-77,5099673",Ancuya6,Via Consaca-Ancuya,2012-04-01
2012-04-21,SANDONA,52050040,"1,2601074","-77,5207808",Ancuya6,via Ancuya-Guaitarilla,2012-04-01
2012-04-21,SANDONA,52050040,"1,2779664","-77,4904057",Ancuya6,Ancuya Sandona,2012-04-01
2012-04-21,SANDONA,52050040,"1,3838544","-77,5364443",Ancuya6,Via ancuya linares,2012-04-01
2012-04-11,SANDONA,52050040,"1,2497243","-77,5195575",Ancuya7,IE la loma,2012-04-01
2012-04-11,SANDONA,52050040,"1,2620499","-77,51327",Ancuya7,Escuela Carlos Albornoz seccion primaria,2012-04-01
2012-02-08,SANDONA,52050040,"1,21665","-77,5167",Ancuya8,La Cocha blanca,2012-02-01
2012-02-08,SANDONA,52050040,"1,25004","-77,53335",Ancuya8,tablon yanancha,2012-02-01
2012-01-21,SANDONA,52050040,"1,2352472","-77,5335958",Ancuya9,Via Ancuya-Guaitarilla,2012-01-01
2012-01-21,SANDONA,52050040,"1,2779664","-77,4904057",Ancuya9,ViaÂ Ancuya Sandona,2012-01-01
2012-03-27,SANDONA,52050040,"1,35207","-77,30148",Chachagui2,palmas abajo casabuy,2012-03-01
2010-11-30,SANDONA,52050040,"1,3515337","-77,2993771",Chachagui8,Vereda Casabuy,2010-11-01
2014-05-09,SANDONA,52050040,"1,200931","-77,4596716",Consaca1,consaca pasto - sector el diviso,2014-05-01
2011-02-04,SANDONA,52050040,"1,2069804","-77,4647353",Consaca10,Descripcion erronea,2011-02-01
2014-01-30,SANDONA,52050040,"1,205404","-77,457826",Consaca2,CIRCUNVALAR GALERAS,2014-01-01
2012-04-27,SANDONA,52050040,"1,207624","-77,465658",Consaca3,NoRegister,2012-04-01
2012-04-06,SANDONA,52050040,"1,219806","-77,489831",Consaca4,via consaca sandona,2012-04-01
2012-04-06,SANDONA,52050040,"1,221016","-77,477364",Consaca4,VIA TINAJILLAS-VERACRUZ,2012-04-01
2012-04-06,SANDONA,52050040,"1,2212","-77,40448",Consaca4,Vereda Churupamba,2012-04-01
2012-04-06,SANDONA,52050040,"1,2309115","-77,4887328",Consaca4,Polideportivo Rumipamba,2012-04-01
2012-04-06,SANDONA,52050040,"1,2494648","-77,4947724",Consaca4,el hatillo,2012-04-01
2012-03-26,SANDONA,52050040,"1,2284687","-77,5047982",Consaca5,VIA CONSACA-ANCUYA,2012-03-01
2012-03-26,SANDONA,52050040,"1,262872","-77,478943",Consaca5,via vda campamento - sandona,2012-03-01
2012-02-03,SANDONA,52050040,"1,1973295","-77,4644359",Consaca6,Camino san jose bombona,2012-02-01
2012-01-20,SANDONA,52050040,"1,2043286","-77,4566047",Consaca7,puente azufralÂ,2012-01-01
2012-01-11,SANDONA,52050040,"1,2076562","-77,4668596",Consaca8,NoRegister,2012-01-01
2012-04-18,SANDONA,52050040,"1,454013","-77,4374827",ElPenol1,HOGAR AGRUPADO MIS PRIMEROS PASOS 1,2012-04-01
2012-01-06,SANDONA,52050040,"1,4470158","-77,4391745",ElPenol2,molinocayoÂ,2012-01-01
2012-01-06,SANDONA,52050040,"1,46438","-77,47883",ElPenol2,vda alto peÃ±olÂ,2012-01-01
2011-06-30,SANDONA,52050040,"1,453475","-77,4404636",ElPenol3,NoRegister,2011-06-01
2011-01-21,SANDONA,52050040,"1,4540971","-77,4419549",ElPenol5,NoRegister,2011-01-01
2009-02-16,SANDONA,52050040,"1,4533785","-77,4363437",ElPenol6,NoRegister,2009-02-01
2008-05-27,SANDONA,52050040,"1,4573147","-77,4405923",ElPenol7,NoRegister,2008-05-01
2006-05-04,SANDONA,52050040,"1,4536603","-77,4381531",ElPenol8,vda banao,2006-05-01
2013-03-21,SANDONA,52050040,"1,4482396","-77,372933",ElTambo1,Chuza,2013-03-01
2012-04-29,SANDONA,52050040,"1,45002","-77,38334",ElTambo2,Chuza,2012-04-01
2011-06-20,SANDONA,52050040,"1,4117147","-77,3916987",ElTambo3,El Tambo,2011-06-01
2011-04-11,SANDONA,52050040,"1,37977","-77,35283",ElTambo4,San Antonio,2011-04-01
2010-12-22,SANDONA,52050040,"1,406577","-77,460873",ElTambo5,TAMBO MOTILONÂ,2010-12-01
2010-11-30,SANDONA,52050040,"1,35373056","-77,3926694",ElTambo6,Pocaurco,2010-11-01
2010-11-30,SANDONA,52050040,"1,396297","-77,411442",ElTambo6,EL TAMBO - SAN PEDRO,2010-11-01
2010-11-30,SANDONA,52050040,"1,401069","-77,422179",ElTambo6,el tambo - el motilon,2010-11-01
2010-11-30,SANDONA,52050040,"1,418202","-77,369901",ElTambo6,VIA EL TAMBO - CHUZA,2010-11-01
2009-03-29,SANDONA,52050040,"1,4081109","-77,391527",ElTambo7,NoRegister,2009-03-01
2010-11-17,SANDONA,52050040,"1,200427","-77,500429",Guaitarilla6,GUAITARILLA - PLAN GRANDE,2010-11-01
2013-03-25,SANDONA,52050040,"1,2869284","-77,366353",LaFlorida1,VIA PASTO - LA FLORIDA A LA ALTURA DE LA VEREDA LA VICTORIAÂ,2013-03-01
2012-05-31,SANDONA,52050040,"1,3624325","-77,4352326",LaFlorida2,Catauca,2012-05-01
2011-06-30,SANDONA,52050040,"1,2983903","-77,4038075",LaFlorida3,NoRegister,2011-06-01
2011-05-02,SANDONA,52050040,"1,2991626","-77,4044512",LaFlorida4,NoRegister,2011-05-01
2007-04-27,SANDONA,52050040,"1,2999943","-77,406908",LaFlorida5,NoRegister,2007-04-01
2013-04-20,SANDONA,52050040,"1,3880106","-77,5477642",Linares1,Motilones-Tabiles,2013-04-01
2006-04-17,SANDONA,52050040,"1,351051","-77,5233126",Linares10,NoRegister,2006-04-01
2012-04-23,SANDONA,52050040,"1,3358699","-77,53646",Linares2,Vereda San Francisco- Bellavista,2012-04-01
2012-04-23,SANDONA,52050040,"1,3690363","-77,518722",Linares2,Centro educativo Poroto,2012-04-01
2012-04-23,SANDONA,52050040,"1,3710074","-77,5264489",Linares2,La encillada-San antonio,2012-04-01
2012-04-23,SANDONA,52050040,"1,38342","-77,54991",Linares2,Centro educativo motilon,2012-04-01
2012-02-28,SANDONA,52050040,"1,351051","-77,5233126",Linares3,NoRegister,2012-02-01
2012-02-17,SANDONA,52050040,"1,3638218","-77,5226637",Linares4,Linares-Poroto,2012-02-01
2012-02-17,SANDONA,52050040,"1,3755591","-77,4989188",Linares4,Centro educativo llanogrande bajo,2012-02-01
2012-02-17,SANDONA,52050040,"1,3766918","-77,5335779",Linares4,Linares-Tabiles,2012-02-01
2011-04-30,SANDONA,52050040,"1,350933","-77,52387",Linares5,NoRegister,2011-04-01
2011-03-07,SANDONA,52050040,"1,350933","-77,52387",Linares6,NoRegister,2011-03-01
2008-05-30,SANDONA,52050040,"1,350933","-77,52387",Linares7,NoRegister,2008-05-01
2010-12-09,SANDONA,52050040,"1,3658811","-77,5127065",Linares7,Linares-Llanogrande,2010-12-01
2010-12-09,SANDONA,52050040,"1,3766918","-77,5335779",Linares7,Linares-Tabiles,2010-12-01
2007-04-22,SANDONA,52050040,"1,3616809","-77,5620777",Linares9,Tabiles-Samaniego,2007-04-01
2012-03-29,SANDONA,52050040,"1,2862692","-77,3577393",NariÃ±o1,Institucion educativa juan pablo segundo,2012-03-01
2012-01-25,SANDONA,52050040,"1,2802361","-77,3528976",NariÃ±o2,Via a el chorillo,2012-01-01
2011-05-09,SANDONA,52050040,"1,2897467","-77,3580033",NariÃ±o4,NoRegister,2011-05-01
2011-03-28,SANDONA,52050040,"1,2897467","-77,3580033",NariÃ±o5,NoRegister,2011-03-01
2014-01-08,SANDONA,52050040,"1,2276793","-77,5829796",Providencia1,Providencia-German,2014-01-01
2014-01-08,SANDONA,52050040,"1,2630652","-77,6028707",Providencia1,Providencia-Santa Lucia,2014-01-01
2014-01-08,SANDONA,52050040,"1,2691512","-77,6112262",Providencia1,Santa Lucia - Guadrahuma,2014-01-01
2012-04-10,SANDONA,52050040,"1,2309133","-77,5853951",Providencia2,German-Providencia,2012-04-01
2012-04-10,SANDONA,52050040,"1,2528001","-77,6093492",Providencia2,Providencia-Guadrahuma,2012-04-01
2011-05-18,SANDONA,52050040,"1,239018","-77,59743",Providencia3,NoRegister,2011-05-01
2011-02-28,SANDONA,52050040,"1,239018","-77,59743",Providencia4,NoRegister,2011-02-01
2009-04-12,SANDONA,52050040,"1,239018","-77,59743",Providencia5,NoRegister,2009-04-01
2006-01-02,SANDONA,52050040,"1,239447","-77,5977625",Providencia6,NoRegister,2006-01-01
2011-04-29,SANDONA,52050040,"1,332614","-77,586155",Samaniego10,NoRegister,2011-04-01
2011-01-17,SANDONA,52050040,"1,3360886","-77,5962434",Samaniego11,NoRegister,2011-01-01
2010-11-28,SANDONA,52050040,"1,3727361","-77,5824556",Samaniego12,Via samaniego-la llanada,2010-11-01
2009-02-16,SANDONA,52050040,"1,3363729","-77,5959253",Samaniego14,NoRegister,2009-02-01
2008-12-12,SANDONA,52050040,"1,332614","-77,586155",Samaniego15,NoRegister,2008-12-01
2008-03-18,SANDONA,52050040,"1,332614","-77,586155",Samaniego16,NoRegister,2008-03-01
2008-01-11,SANDONA,52050040,"1,332614","-77,586155",Samaniego17,NoRegister,2008-01-01
2012-04-12,SANDONA,52050040,"1,3326854","-77,5882441",Samaniego4,Samaniego-Motilon,2012-04-01
2012-04-12,SANDONA,52050040,"1,3474444","-77,5861948",Samaniego4,Samaniego-Yunguilla,2012-04-01
2012-04-12,SANDONA,52050040,"1,3539449","-77,6101559",Samaniego4,Samaniego-El pichelo,2012-04-01
2012-03-27,SANDONA,52050040,"1,3324215","-77,5881011",Samaniego5,Motilon,2012-03-01
2012-03-24,SANDONA,52050040,"1,3231456","-77,5899938",Samaniego6,Samaniego-Puerchag,2012-03-01
2012-02-20,SANDONA,52050040,"1,3654113","-77,6209898",Samaniego7,NoRegister,2012-02-01
2015-04-20,SANDONA,52050040,"1,3355274","-77,4838577",Sandona1,Centro medico vergel,2015-04-01
2011-06-07,SANDONA,52050040,"1,28326","-77,472045",Sandona11,NoRegister,2011-06-01
2011-06-03,SANDONA,52050040,"1,2966582","-77,459825",Sandona12,NoRegister,2011-06-01
2011-04-29,SANDONA,52050040,"1,28326","-77,472045",Sandona13,NoRegister,2011-04-01
2011-04-05,SANDONA,52050040,"1,28326","-77,472045",Sandona14,NoRegister,2011-04-01
2010-12-17,SANDONA,52050040,"1,2988042","-77,4165255",Sandona15,Vda Bellavista,2010-12-01
2010-12-17,SANDONA,52050040,"1,3244338","-77,49477",Sandona15,Vda feliciana,2010-12-01
2010-12-17,SANDONA,52050040,"1,33529","-77,48703",Sandona15,El vergel,2010-12-01
2010-12-09,SANDONA,52050040,"1,2859852","-77,5025365",Sandona16,NoRegister,2010-12-01
2010-12-09,SANDONA,52050040,"1,3022118","-77,4810921",Sandona16,La joya,2010-12-01
2009-03-29,SANDONA,52050040,"1,2838846","-77,4714829",Sandona17,NoRegister,2009-03-01
2009-01-22,SANDONA,52050040,"1,2857306","-77,4229573",Sandona18,Via Sandona-Pasto,2009-01-01
2008-05-24,SANDONA,52050040,"1,28326","-77,472045",Sandona19,NoRegister,2008-05-01
2015-04-15,SANDONA,52050040,"1,2863137","-77,4158797",Sandona2,Sandona-Pasto,2015-04-01
2007-04-27,SANDONA,52050040,"1,34113","-77,48803",Sandona20,NoRegister,2007-04-01
2014-05-11,SANDONA,52050040,"1,2870322","-77,4197207",Sandona3,Sandona-Pasto,2014-05-01
2013-05-28,SANDONA,52050040,"1,2921737","-77,4390527",Sandona4,Sandona-Santa rosa,2013-05-01
2012-12-21,SANDONA,52050040,"1,2786821","-77,4819684",Sandona5,Sandona - Linares,2012-12-01
2012-03-15,SANDONA,52050040,"1,2941148","-77,4695773",Sandona7,NoRegister,2012-03-01
2012-01-09,SANDONA,52050040,"1,2840215","-77,4714549",Sandona8,NoRegister,2012-01-01
2011-12-15,SANDONA,52050040,"1,2864349","-77,4714871",Sandona9,NoRegister,2011-12-01
2013-05-27,SANTA ROSA POTOSI,52050190,"0,9082415","-77,5464568",Contadero1,barrio obrero,2013-05-01
2013-05-22,SANTA ROSA POTOSI,52050190,"0,91813","-77,5419299",Contadero2,VEREDA SAN FRANSISCO,2013-05-01
2013-05-22,SANTA ROSA POTOSI,52050190,"0,92225","-77,51103",Contadero2,La JosefinaÂ,2013-05-01
2011-12-07,SANTA ROSA POTOSI,52050190,"0,9086492","-77,5495038",Contadero3,NoRegister,2011-12-01
2011-06-02,SANTA ROSA POTOSI,52050190,"0,9087993","-77,5467787",Contadero4,NoRegister,2011-06-01
2011-05-02,SANTA ROSA POTOSI,52050190,"0,9097004","-77,5472508",Contadero5,NoRegister,2011-05-01
2011-02-09,SANTA ROSA POTOSI,52050190,"0,9090782","-77,5493536",Contadero6,NoRegister,2011-02-01
2009-04-13,SANTA ROSA POTOSI,52050190,"0,9088156","-77,5479743",Contadero7,vda simon bolivarÂ,2009-04-01
2013-08-16,SANTA ROSA POTOSI,52050190,"0,837811","-77,476205",Cordoba1,QUEBRADA BLANCA,2013-08-01
2012-03-20,SANTA ROSA POTOSI,52050190,"0,8282551","-77,521897",Cordoba2,San Francisco de Payan,2012-03-01
2012-03-20,SANTA ROSA POTOSI,52050190,"0,8324397","-77,5481413",Cordoba2,CENTROS DE SALUD SAN PABLO,2012-03-01
2012-03-20,SANTA ROSA POTOSI,52050190,"0,8528874","-77,4977927",Cordoba2,Santa Brigida,2012-03-01
2012-03-20,SANTA ROSA POTOSI,52050190,"0,86028","-77,54383",Cordoba2,Los arrayanes,2012-03-01
2012-02-22,SANTA ROSA POTOSI,52050190,"0,868586","-77,52854",Cordoba3,VIA CORDOBA LAS DELICIAS,2012-02-01
2012-02-07,SANTA ROSA POTOSI,52050190,"0,87393","-77,547893",Cordoba4,VIA AL MIRADOR ARRAYANES,2012-02-01
2012-01-26,SANTA ROSA POTOSI,52050190,"0,841068","-77,497385",Cordoba5,VIAÂ CORDOBA - EL QUEMADO,2012-01-01
2011-06-17,SANTA ROSA POTOSI,52050190,"0,853538","-77,518022",Cordoba6,NoRegister,2011-06-01
2011-05-04,SANTA ROSA POTOSI,52050190,"0,8550613","-77,5173997",Cordoba7,NoRegister,2011-05-01
2011-02-14,SANTA ROSA POTOSI,52050190,"0,87406","-77,53451",Cordoba8,ensilladas santanderÂ,2011-02-01
2011-02-14,SANTA ROSA POTOSI,52050190,"0,883213","-77,540206",Cordoba8,cruce san juan chico,2011-02-01
2012-05-25,SANTA ROSA POTOSI,52050190,"0,906029","-77,579479",Gualmatan1,Iles6 24/06/2011,2012-05-01
2012-05-25,SANTA ROSA POTOSI,52050190,"0,929016","-77,567497",Gualmatan1,CIRCUNVALAR-DOS CAMINOS,2012-05-01
2012-05-25,SANTA ROSA POTOSI,52050190,"0,937383","-77,560664",Gualmatan1,ARRAYAN-CEDROS,2012-05-01
2011-02-21,SANTA ROSA POTOSI,52050190,"0,9199883","-77,5647347",Gualmatan2,NoRegister,2011-02-01
2010-11-23,SANTA ROSA POTOSI,52050190,"0,91115","-77,567566",Gualmatan3,SECTOR COFRADIA,2010-11-01
2008-06-22,SANTA ROSA POTOSI,52050190,"0,919645","-77,567138",Gualmatan4,NoRegister,2008-06-01
2011-12-22,SANTA ROSA POTOSI,52050190,"0,954438","-77,507",Iles5,ILES - ALTO DEL REY,2011-12-01
2011-12-22,SANTA ROSA POTOSI,52050190,"0,96215","-77,524565",Iles5,ILES - IZCUAZAN,2011-12-01
2014-05-05,SANTA ROSA POTOSI,52050190,"0,8175707","-77,6360626",Ipiales1,Barrio La Florida,2014-05-01
2014-03-08,SANTA ROSA POTOSI,52050190,"0,820316","-77,618425",Ipiales2,Via A Las Lajas,2014-03-01
2012-04-20,SANTA ROSA POTOSI,52050190,"0,8211672","-77,6411399",Ipiales4,Barrio Benjamin Herrera,2012-04-01
2011-06-17,SANTA ROSA POTOSI,52050190,"0,8292476","-77,6435724",Ipiales5,NoRegister,2011-06-01
2009-02-16,SANTA ROSA POTOSI,52050190,"0,8304062","-77,6348177",Ipiales6,NoRegister,2009-02-01
2008-03-06,SANTA ROSA POTOSI,52050190,"0,83341","-77,6419846",Ipiales7,NoRegister,2008-03-01
2007-04-06,SANTA ROSA POTOSI,52050190,"0,8187611","-77,6575391",Ipiales8,VIA PANAMERICANA,2007-04-01
2012-05-09,SANTA ROSA POTOSI,52050190,"0,7696478","-77,5850007",Potosi1,Cuaspud-Nucleo,2012-05-01
2011-11-16,SANTA ROSA POTOSI,52050190,"0,8091","-77,57155",Potosi3,NoRegister,2011-11-01
2011-11-06,SANTA ROSA POTOSI,52050190,"0,8057613","-77,5747517",Potosi4,NoRegister,2011-11-01
2011-05-20,SANTA ROSA POTOSI,52050190,"0,8073568","-77,5725794",Potosi5,NoRegister,2011-05-01
2010-12-01,SANTA ROSA POTOSI,52050190,"0,8059381","-77,5784667",Potosi6,Puente las lajas,2010-12-01
2008-06-26,SANTA ROSA POTOSI,52050190,"0,8073568","-77,5725794",Potosi7,NoRegister,2008-06-01
2014-05-08,SANTA ROSA POTOSI,52050190,"0,9076814","-77,510004",Puerres2,Maicira,2014-05-01
2013-07-24,SANTA ROSA POTOSI,52050190,"0,8745167","-77,4890716",Puerres4,El paramo,2013-07-01
2013-07-24,SANTA ROSA POTOSI,52050190,"0,9153467","-77,4855728",Puerres4,San mateo,2013-07-01
2012-05-25,SANTA ROSA POTOSI,52050190,"0,8901831","-77,5285765",Puerres5,NoRegister,2012-05-01
2012-02-07,SANTA ROSA POTOSI,52050190,"0,8603963","-77,499064",Puerres6,La laguna,2012-02-01
2012-02-07,SANTA ROSA POTOSI,52050190,"0,8671635","-77,4840303",Puerres6,Paramo,2012-02-01
2012-02-07,SANTA ROSA POTOSI,52050190,"0,882268","-77,474074",Puerres6,Loma larga,2012-02-01
2012-07-07,SANTA ROSA POTOSI,52050190,"0,8907467","-77,5053587",Puerres6,El escritorio,2012-07-01
2011-06-10,SANTA ROSA POTOSI,52050190,"0,8831594","-77,5040784",Puerres7,NoRegister,2011-06-01
2008-05-03,SANTA ROSA POTOSI,52050190,"0,8831594","-77,5040784",Puerres9,NoRegister,2008-05-01
2011-12-06,SANTA ROSA POTOSI,52050190,"0,8691498","-77,6382228",Pupiales1,NoRegister,2011-12-01
2011-05-18,TANGUA,52050080,"1,115091","-77,409909",Consaca9,VIA-CONSACA-YACUANQUERÂ R-29+0230-PR-29+0260,2011-05-01
2014-05-11,TANGUA,52050080,"0,977477","-77,4456182",Funes1,SAN RAFAEL LA SOLEDAD,2014-05-01
2014-05-11,TANGUA,52050080,"1,019044","-77,470462",Funes1,FUNES PILCUAN,2014-05-01
2010-12-15,TANGUA,52050080,"0,945949","-77,453563",Funes10,CHITARAN - LA MESA,2010-12-01
2010-12-15,TANGUA,52050080,"0,95006","-77,39997",Funes10,Chapal,2010-12-01
2010-12-15,TANGUA,52050080,"1,0192078","-77,3785717",Funes10,Peñas Blancas,2010-12-01
2010-11-22,TANGUA,52050080,"0,958979","-77,447542",Funes11,CHAPAL A CHITARRAN,2010-11-01
2010-11-22,TANGUA,52050080,"0,987433","-77,445596",Funes11,FUNES A CHAPAL,2010-11-01
2010-11-22,TANGUA,52050080,"1,0066512","-77,4354819",Funes11,FUNES - LA VEGA,2010-11-01
2010-11-22,TANGUA,52050080,"1,018715","-77,464314",Funes11,PILCUAN A FUNES,2010-11-01
2010-11-22,TANGUA,52050080,"1,0294809","-77,4252519",Funes11,FUNES - TELLES BAJO,2010-11-01
2009-03-29,TANGUA,52050080,"0,9995335","-77,4501302",Funes12,NoRegister,2009-03-01
2008-05-08,TANGUA,52050080,"0,9992116","-77,447448",Funes13,NoRegister,2008-05-01
2014-05-08,TANGUA,52050080,"1,0031086","-77,417018",Funes2,TELLEZ,2014-05-01
2014-05-08,TANGUA,52050080,"1,006715","-77,438588",Funes2,FUNES -LA VEGA,2014-05-01
2014-05-08,TANGUA,52050080,"1,01318","-77,450366",Funes2,VÃAS FUNES â€“ PILCUAN,2014-05-01
2014-05-08,TANGUA,52050080,"1,0157","-77,38208",Funes2,Peñas Blancas,2014-05-01
2014-05-08,TANGUA,52050080,"1,030516","-77,432812",Funes2,VÃA LA PRADERA,2014-05-01
2012-05-02,TANGUA,52050080,"0,97254","-77,441826",Funes3,FUNES-LA SOLEDAD,2012-05-01
2012-05-02,TANGUA,52050080,"1,007822","-77,416388",Funes3,LA PRADERA-TELLEZ ALTO,2012-05-01
2012-05-02,TANGUA,52050080,"1,0348237","-77,4394203",Funes3,Guapuscal Alto,2012-05-01
2012-04-15,TANGUA,52050080,"1,0004497","-77,4481684",Funes4,INSTITUCION EDUCATIVA TELLEZ BAJO,2012-04-01
2012-04-15,TANGUA,52050080,"1,01529","-77,43259",Funes4,RIO TELLEZ-LA VEGA,2012-04-01
2012-04-15,TANGUA,52050080,"1,0191124","-77,4515894",Funes4,FUNES-PILCUAN,2012-04-01
2012-04-15,TANGUA,52050080,"1,0348237","-77,4394203",Funes4,NoRegister,2012-04-01
2012-02-22,TANGUA,52050080,"1,0002629","-77,4491646",Funes5,no se encontro el centro educativo la loma,2012-02-01
2011-10-06,TANGUA,52050080,"1,0066","-77,40769",Funes7,san miguel de tellez,2011-10-01
2011-06-30,TANGUA,52050080,"1,0002629","-77,4491646",Funes8,NoRegister,2011-06-01
2011-04-11,TANGUA,52050080,"1,0001771","-77,4475767",Funes9,NoRegister,2011-04-01
2012-04-24,TANGUA,52050080,"1,178121","-77,493651",Guaitarilla1,CABUYO - SAN ALEJANDRO,2012-04-01
2012-03-29,TANGUA,52050080,"1,105506","-77,509735",Guaitarilla2,Guatirilla-Chirristes,2012-03-01
2010-11-17,TANGUA,52050080,"1,162462","-77,509394",Guaitarilla6,GUAITARILLA - SAN ALEJANDRO,2010-11-01
2010-11-17,TANGUA,52050080,"1,084037","-77,506229",Guaitarilla6,GUAITARILLA - GUAITARA,2010-11-01
2012-04-12,TANGUA,52050080,"1,024233","-77,472083",Iles3,VIA EL PORVENIR-PILCUAN,2012-04-01
2011-12-22,TANGUA,52050080,"0,99753","-77,48529",Iles5,PILCUAN - EL TABLON,2011-12-01
2012-04-20,TANGUA,52050080,"1,063606","-77,4875603",Imues1,Imues,2012-04-01
2011-02-28,TANGUA,52050080,"1,0540053","-77,495167",Imues2,NoRegister,2011-02-01
2013-03-21,TANGUA,52050080,"0,97019","-77,46624",Ipiales3,SECTOR EL BOROJO,2013-03-01
2011-12-07,TANGUA,52050080,"0,9743358","-77,4757461",Pasto16,Pasto-Ipiales,2011-12-01
2014-11-05,TANGUA,52050080,"1,1135794","-77,3824304",Pasto2,Via Pasto-Ipiales,2014-11-01
2006-11-30,TANGUA,52050080,"1,067439","-77,5092438",Pasto25,NoRegister,2006-11-01
2006-02-05,TANGUA,52050080,"1,0763639","-77,4170617",Pasto26,NoRegister,2006-02-01
2015-06-30,TANGUA,52050080,"0,951251","-77,3487684",Puerres1,NoRegister,2015-06-01
2010-11-25,TANGUA,52050080,"1,0948544","-77,3938548",Tangua10,NoRegister,2010-11-01
2010-11-13,TANGUA,52050080,"1,0881707","-77,4056038",Tangua11,NoRegister,2010-11-01
2013-12-20,TANGUA,52050080,"1,0604441","-77,3855542",Tangua2,NoRegister,2013-12-01
2013-05-28,TANGUA,52050080,"1,0952728","-77,3962581",Tangua3,Bolivar,2013-05-01
2013-05-28,TANGUA,52050080,"1,0960558","-77,3926639",Tangua3,Corazon de jesus,2013-05-01
2012-02-06,TANGUA,52050080,"1,0995499","-77,3595053",Tangua4,centro educativo birmania,2012-02-01
2012-01-22,TANGUA,52050080,"1,0998932","-77,3612648",Tangua5,vereda birmania,2012-01-01
2011-12-19,TANGUA,52050080,"1,0951406","-77,3920549",Tangua6,NoRegister,2011-12-01
2011-12-07,TANGUA,52050080,"1,0958628","-77,3931467",Tangua7,NoRegister,2011-12-01
2011-06-07,TANGUA,52050080,"1,0950573","-77,3939558",Tangua8,NoRegister,2011-06-01
2013-04-23,TANGUA,52050080,"1,0648333","-77,4494561",Yacuanquer1,NoRegister,2013-04-01
2013-04-23,TANGUA,52050080,"1,0988162","-77,4220761",Yacuanquer1,NoRegister,2013-04-01
2012-01-27,TANGUA,52050080,"1,1244236","-77,398563",Yacuanquer3,NoRegister,2012-01-01
2011-04-13,TANGUA,52050080,"1,1159647","-77,4006332",Yacuanquer4,NoRegister,2011-04-01
2009-04-12,TANGUA,52050080,"1,1159647","-77,4006332",Yacuanquer5,NoRegister,2009-04-01
2009-03-29,TANGUA,52050080,"1,1159647","-77,4006332",Yacuanquer7,NoRegister,2009-03-01
2008-05-19,TANGUA,52050080,"1,1159647","-77,4006332",Yacuanquer8,NoRegister,2008-05-01
2012-02-07,VERGEL EL,52060040,"1,473454","-77,589264",LaLlanada1,VIA LA LLANADA- CANADA,2012-02-01
2011-12-01,VERGEL EL,52060040,"1,4725892","-77,5813425",LaLlanada2,NoRegister,2011-12-01
2011-11-03,VERGEL EL,52060040,"1,4732254","-77,5819978",LaLlanada3,CASCO URBANO,2011-11-01
2011-05-25,VERGEL EL,52060040,"1,4728661","-77,578629",LaLlanada4,NoRegister,2011-05-01
2011-02-28,VERGEL EL,52060040,"1,4740887","-77,5805816",LaLlanada5,NoRegister,2011-02-01
2010-11-10,VERGEL EL,52060040,"1,467864","-77,560799",LaLlanada6,VIA QUE CONDUCE DE LA LLANADA A LOS ANDES,2010-11-01
2010-04-17,VERGEL EL,52060040,"1,4731288","-77,5799057",LaLlanada7,NoRegister,2010-04-01
2012-01-24,VERGEL EL,52060040,"1,5227484","-77,5281235",LosAndes1,Via sotomayor-san vicente,2012-01-01
2012-01-24,VERGEL EL,52060040,"1,5227484","-77,5281235",LosAndes1,Vias sotomayor-quebrada honda,2012-01-01
2008-05-31,VERGEL EL,52060040,"1,4937224","-77,5213227",LosAndes10,NoRegister,2008-05-01
2008-04-25,VERGEL EL,52060040,"1,4937224","-77,5213227",LosAndes11,NoRegister,2008-04-01
2007-11-20,VERGEL EL,52060040,"1,4937224","-77,5213227",LosAndes12,NoRegister,2007-11-01
2006-01-02,VERGEL EL,52060040,"1,4933156","-77,5217586",LosAndes13,NoRegister,2006-01-01
2011-06-28,VERGEL EL,52060040,"1,4937224","-77,5213227",LosAndes2,NoRegister,2011-06-01
2011-05-30,VERGEL EL,52060040,"1,4937224","-77,5213227",LosAndes3,NoRegister,2011-05-01
2011-03-28,VERGEL EL,52060040,"1,4937224","-77,5213227",LosAndes4,NoRegister,2011-03-01
2011-01-14,VERGEL EL,52060040,"1,4931439","-77,5218015",LosAndes5,NoRegister,2011-01-01
2010-11-16,VERGEL EL,52060040,"1,5757209","-77,5300196",LosAndes6,Via Cuarico-Guayabal,2010-11-01
2009-03-29,VERGEL EL,52060040,"1,4937224","-77,5213227",LosAndes7,Sotomayor,2009-03-01
2009-02-20,VERGEL EL,52060040,"1,4933156","-77,5217586",LosAndes8,NoRegister,2009-02-01
2009-01-31,VERGEL EL,52060040,"1,4705153","-77,5452467",LosAndes9,Via Llanada,2009-01-01
2009-01-31,VERGEL EL,52060040,"1,5154742","-77,5389451",LosAndes9,Via al carrizal,2009-01-01
2009-01-31,VERGEL EL,52060040,"1,5468184","-77,5254577",LosAndes9,Via San Francisco a San Vicente,2009-01-01
2015-02-09,VERGEL EL,52060040,"1,3933453","-77,6087737",Samaniego1,NoRegister,2015-02-01
2015-04-19,VIENTO LIBRE AUT,52035040,"1,4958023","-77,3073139",Chachagui1,Finca la encillada,2015-04-01
2012-04-18,VIENTO LIBRE AUT,52035040,"1,502475","-77,44377",ElPenol1,PEÑOL-EL TAMBO,2012-04-01
2011-02-28,VIENTO LIBRE AUT,52035040,"1,5128222","-77,4357739",ElPenol4,NoRegister,2011-02-01
2013-12-26,VIENTO LIBRE AUT,52035040,"1,7700122","-77,3150246",ElRosario1,EL ROSARIO CONÂ EL REMOLINO - TAMINADO,2013-12-01
2012-04-05,VIENTO LIBRE AUT,52035040,"1,7440069","-77,335803",ElRosario2,casco urbano,2012-04-01
2012-04-05,VIENTO LIBRE AUT,52035040,"1,7915804","-77,3467421",ElRosario2,el rosario -el vapor,2012-04-01
2012-03-29,VIENTO LIBRE AUT,52035040,"1,7749714","-77,3415328",ElRosario3,la montaÃ±a - el rosario,2012-03-01
2012-02-12,VIENTO LIBRE AUT,52035040,"1,8334675","-77,3628858",ElRosario4,La Guaca,2012-02-01
2012-02-12,VIENTO LIBRE AUT,52035040,"1,8691614","-77,3886626",ElRosario4,Piedra Grande,2012-02-01
2011-12-05,VIENTO LIBRE AUT,52035040,"1,7398514","-77,3344672",ElRosario7,El Rosario,2011-12-01
2011-06-01,VIENTO LIBRE AUT,52035040,"1,7392938","-77,3372567",ElRosario8,NoRegister,2011-06-01
2010-11-25,VIENTO LIBRE AUT,52035040,"1,652334","-77,203689",LaUnion11,LA UNION - OLIVOS,2010-11-01
2009-01-24,VIENTO LIBRE AUT,52035040,"1,63297","-77,265202",LaUnion12,LA UNION - TAMINANGO,2009-01-01
2009-01-20,VIENTO LIBRE AUT,52035040,"1,551977","-77,247864",LaUnion13,VIA LA UNION TAMINANGO,2009-01-01
2010-11-16,VIENTO LIBRE AUT,52035040,"1,5507204","-77,4490998",LosAndes6,Via los guabos-pangus,2010-11-01
2013-11-02,VIENTO LIBRE AUT,52035040,"1,6289529","-77,4592061",Policarpa1,NoRegister,2013-11-01
2006-01-02,VIENTO LIBRE AUT,52035040,"1,6290601","-77,4592073",Policarpa10,NoRegister,2006-01-01
2012-01-25,VIENTO LIBRE AUT,52035040,"1,6311876","-77,4697567",Policarpa2,Policarpa - bravo acosta,2012-01-01
2011-06-21,VIENTO LIBRE AUT,52035040,"1,6289529","-77,4592061",Policarpa4,NoRegister,2011-06-01
2011-06-08,VIENTO LIBRE AUT,52035040,"1,6289529","-77,4592061",Policarpa5,NoRegister,2011-06-01
2011-04-18,VIENTO LIBRE AUT,52035040,"1,6289529","-77,4592061",Policarpa6,NoRegister,2011-04-01
2009-02-16,VIENTO LIBRE AUT,52035040,"1,6289529","-77,4592061",Policarpa8,NoRegister,2009-02-01
2006-05-22,VIENTO LIBRE AUT,52035040,"1,6290601","-77,4592073",Policarpa9,NoRegister,2006-05-01
2006-06-06,VIENTO LIBRE AUT,52035040,"1,5660048","-77,2541469",SanLorenzo15,NoRegister,2006-06-01
2012-04-16,VIENTO LIBRE AUT,52035040,"1,5584032","-77,2779209",Taminango1,Via taminango- el paramo,2012-04-01
2012-04-16,VIENTO LIBRE AUT,52035040,"1,5707413","-77,2784303",Taminango1,Centro educativo pablo vi,2012-04-01
2011-05-27,VIENTO LIBRE AUT,52035040,"1,5702644","-77,2808552",Taminango2,NoRegister,2011-05-01
2011-04-29,VIENTO LIBRE AUT,52035040,"1,5702644","-77,2808552",Taminango3,NoRegister,2011-04-01
2010-12-15,VIENTO LIBRE AUT,52035040,"1,6167936","-77,2825722",Taminango4,Taminango-charguayaco,2010-12-01
2010-11-23,VIENTO LIBRE AUT,52035040,"1,5644069","-77,2748152",Taminango5,NoRegister,2010-11-01
2010-11-23,VIENTO LIBRE AUT,52035040,"1,5698105","-77,3169512",Taminango5,NoRegister,2010-11-01
2009-01-29,VIENTO LIBRE AUT,52035040,"1,5782118","-77,2824952",Taminango6,NoRegister,2009-01-01
2008-05-29,VIENTO LIBRE AUT,52035040,"1,5702644","-77,2808552",Taminango7,NoRegister,2008-05-01
2014-01-12,WILQUIPAMBA,52045070,"1,3000559","-77,1385592",Buesaco1,via vda san ignacio - rosal del monte,2014-01-01
2014-01-12,WILQUIPAMBA,52045070,"1,3035011","-77,148279",Buesaco1,Vda San ignacio,2014-01-01
2014-01-12,WILQUIPAMBA,52045070,"1,3066","-77,12023",Buesaco1,Vereda Granadillo de Chaves,2014-01-01
2014-01-12,WILQUIPAMBA,52045070,"1,30978","-77,1378",Buesaco1,Vereda La Tasajera,2014-01-01
2014-01-12,WILQUIPAMBA,52045070,"1,3180965","-77,144831",Buesaco1,Vda Medina Orejuela,2014-01-01
2010-12-07,WILQUIPAMBA,52045070,"1,348397","-77,174683",Buesaco10,vda san ignacio - veracruz,2010-12-01
2010-12-07,WILQUIPAMBA,52045070,"1,353675","-77,204126",Buesaco10,san antonio - villamoreno,2010-12-01
2006-11-14,WILQUIPAMBA,52045070,"1,296951","-77,224011",Buesaco17,Pasto buesaco,2006-11-01
2006-11-14,WILQUIPAMBA,52045070,"1,3371046","-77,1861719",Buesaco17,Fresas La Esperanza,2006-11-01
2007-04-04,WILQUIPAMBA,52045070,"1,3593971","-77,283077",Chachagui10,potrerito grande no se encontro,2007-04-01
2006-12-23,WILQUIPAMBA,52045070,"1,294148","-77,269147",Chachagui11,via pasto - chachagui,2006-12-01
2012-03-27,WILQUIPAMBA,52045070,"1,33805","-77,293201",Chachagui2,via casabuy - los robles,2012-03-01
2012-03-27,WILQUIPAMBA,52045070,"1,341694","-77,282847",Chachagui2,san francisco - hato viejo,2012-03-01
2012-01-30,WILQUIPAMBA,52045070,"1,359869","-77,282841",Chachagui3,casco urbano,2012-01-01
2011-05-13,WILQUIPAMBA,52045070,"1,3602337","-77,2821758",Chachagui5,NoRegister,2011-05-01
2011-02-24,WILQUIPAMBA,52045070,"1,3599","-77,28352",Chachagui6,NoRegister,2011-02-01
2011-01-24,WILQUIPAMBA,52045070,"1,3598785","-77,2841637",Chachagui7,NoRegister,2011-01-01
2010-11-30,WILQUIPAMBA,52045070,"1,3529246","-77,2771331",Chachagui8,La Tebaida,2010-11-01
2008-05-30,WILQUIPAMBA,52045070,"1,3594185","-77,2822187",Chachagui9,NoRegister,2008-05-01
2014-12-16,WILQUIPAMBA,52045070,"1,2858595","-77,2471126",Pasto1,Via Pasto-Buesaco,2014-12-01
2012-11-29,WILQUIPAMBA,52045070,"1,23691","-77,28153",Pasto12,NoRegister,2012-11-01
2012-01-24,WILQUIPAMBA,52045070,"1,20332","-77,22509",Pasto14,NoRegister,2012-01-01
2012-01-17,WILQUIPAMBA,52045070,"1,2162549","-77,2853301",Pasto15,NoRegister,2012-01-01
2012-01-17,WILQUIPAMBA,52045070,"1,2545497","-77,3009832",Pasto15,NoRegister,2012-01-01
2011-04-11,WILQUIPAMBA,52045070,"1,2058837","-77,285787",Pasto17,NoRegister,2011-04-01
2010-12-27,WILQUIPAMBA,52045070,"1,2102401","-77,2861156",Pasto18,Barrio obrero,2010-12-01
2010-12-27,WILQUIPAMBA,52045070,"1,21882","-77,2795191",Pasto18,Barrio buenos aires,2010-12-01
2009-04-01,WILQUIPAMBA,52045070,"1,2386048","-77,286211",Pasto18,NoRegister,2009-04-01
2009-03-28,WILQUIPAMBA,52045070,"1,2479415","-77,3131753",Pasto20,NoRegister,2009-03-01
2009-01-28,WILQUIPAMBA,52045070,"1,1797912","-77,1924588",Pasto21,NoRegister,2009-01-01
2007-12-28,WILQUIPAMBA,52045070,"1,2058837","-77,285787",Pasto22,NoRegister,2007-12-01
2007-05-28,WILQUIPAMBA,52045070,"1,2525652","-77,3175054",Pasto23,NoRegister,2007-05-01
2007-04-06,WILQUIPAMBA,52045070,"1,2431428","-77,2953878",Pasto24,Via panamericana,2007-04-01
2006-01-02,WILQUIPAMBA,52045070,"1,2058837","-77,285787",Pasto27,NoRegister,2006-01-01
2014-06-06,WILQUIPAMBA,52045070,"1,1390049","-77,0335354",Pasto3,Pasto-Mocoa,2014-06-01
2014-05-14,WILQUIPAMBA,52045070,"1,258268","-77,3260239",Pasto4,NoRegister,2014-05-01
2013-12-23,WILQUIPAMBA,52045070,"1,1846527","-77,2881531",Pasto6,NoRegister,2013-12-01
2013-09-01,WILQUIPAMBA,52045070,"1,2005845","-77,2843333",Pasto7,NoRegister,2013-09-01
2013-07-26,WILQUIPAMBA,52045070,"1,14996","-77,21672",Pasto8,NoRegister,2013-07-01
2013-07-18,WILQUIPAMBA,52045070,"1,18268","-77,14797",Pasto9,NoRegister,2013-07-01
2011-01-11,SANDE EL,52060050,"1,5168439","-77,2511829",Santacruz3,NoRegister,2011-01-01
2008-05-30,SANDE EL,52060050,"1,51723","-77,25114",Santacruz6,NoRegister,2008-05-01
